time,solar_ac_gw,solar_dc_gw
2002-01-01 00:00:00+00:00,0.187,0.192
2002-02-01 00:00:00+00:00,0.189,0.194
2002-03-01 00:00:00+00:00,0.192,0.197
2002-04-01 00:00:00+00:00,0.198,0.203
2002-05-01 00:00:00+00:00,0.202,0.208
2002-06-01 00:00:00+00:00,0.208,0.214
2002-07-01 00:00:00+00:00,0.214,0.22
2002-08-01 00:00:00+00:00,0.22,0.226
2002-09-01 00:00:00+00:00,0.227,0.234
2002-10-01 00:00:00+00:00,0.234,0.242
2002-11-01 00:00:00+00:00,0.245,0.253
2002-12-01 00:00:00+00:00,0.278,0.29
2003-01-01 00:00:00+00:00,0.291,0.303
2003-02-01 00:00:00+00:00,0.293,0.304
2003-03-01 00:00:00+00:00,0.298,0.31
2003-04-01 00:00:00+00:00,0.307,0.319
2003-05-01 00:00:00+00:00,0.317,0.331
2003-06-01 00:00:00+00:00,0.328,0.342
2003-07-01 00:00:00+00:00,0.344,0.359
2003-08-01 00:00:00+00:00,0.358,0.375
2003-09-01 00:00:00+00:00,0.373,0.391
2003-10-01 00:00:00+00:00,0.388,0.408
2003-11-01 00:00:00+00:00,0.401,0.422
2003-12-01 00:00:00+00:00,0.412,0.434
2004-01-01 00:00:00+00:00,0.459,0.485
2004-02-01 00:00:00+00:00,0.472,0.499
2004-03-01 00:00:00+00:00,0.501,0.531
2004-04-01 00:00:00+00:00,0.54,0.574
2004-05-01 00:00:00+00:00,0.579,0.617
2004-06-01 00:00:00+00:00,0.63,0.674
2004-07-01 00:00:00+00:00,0.685,0.734
2004-08-01 00:00:00+00:00,0.73,0.783
2004-09-01 00:00:00+00:00,0.78,0.839
2004-10-01 00:00:00+00:00,0.835,0.899
2004-11-01 00:00:00+00:00,0.893,0.958
2004-12-01 00:00:00+00:00,1.011,1.086
2005-01-01 00:00:00+00:00,1.036,1.113
2005-02-01 00:00:00+00:00,1.05,1.128
2005-03-01 00:00:00+00:00,1.092,1.174
2005-04-01 00:00:00+00:00,1.168,1.253
2005-05-01 00:00:00+00:00,1.232,1.322
2005-06-01 00:00:00+00:00,1.319,1.415
2005-07-01 00:00:00+00:00,1.388,1.49
2005-08-01 00:00:00+00:00,1.463,1.569
2005-09-01 00:00:00+00:00,1.536,1.65
2005-10-01 00:00:00+00:00,1.603,1.722
2005-11-01 00:00:00+00:00,1.681,1.805
2005-12-01 00:00:00+00:00,1.875,2.008
2006-01-01 00:00:00+00:00,1.897,2.032
2006-02-01 00:00:00+00:00,1.923,2.057
2006-03-01 00:00:00+00:00,1.968,2.106
2006-04-01 00:00:00+00:00,2.026,2.169
2006-05-01 00:00:00+00:00,2.094,2.243
2006-06-01 00:00:00+00:00,2.163,2.317
2006-07-01 00:00:00+00:00,2.232,2.388
2006-08-01 00:00:00+00:00,2.292,2.454
2006-09-01 00:00:00+00:00,2.347,2.512
2006-10-01 00:00:00+00:00,2.407,2.577
2006-11-01 00:00:00+00:00,2.478,2.652
2006-12-01 00:00:00+00:00,2.666,2.852
2007-01-01 00:00:00+00:00,2.688,2.875
2007-02-01 00:00:00+00:00,2.702,2.89
2007-03-01 00:00:00+00:00,2.739,2.93
2007-04-01 00:00:00+00:00,2.795,2.99
2007-05-01 00:00:00+00:00,2.861,3.061
2007-06-01 00:00:00+00:00,2.948,3.149
2007-07-01 00:00:00+00:00,3.055,3.264
2007-08-01 00:00:00+00:00,3.166,3.383
2007-09-01 00:00:00+00:00,3.258,3.482
2007-10-01 00:00:00+00:00,3.365,3.597
2007-11-01 00:00:00+00:00,3.499,3.737
2007-12-01 00:00:00+00:00,3.85,4.103
2008-01-01 00:00:00+00:00,3.885,4.14
2008-02-01 00:00:00+00:00,3.928,4.187
2008-03-01 00:00:00+00:00,3.992,4.255
2008-04-01 00:00:00+00:00,4.092,4.365
2008-05-01 00:00:00+00:00,4.191,4.467
2008-06-01 00:00:00+00:00,4.317,4.602
2008-07-01 00:00:00+00:00,4.448,4.742
2008-08-01 00:00:00+00:00,4.576,4.878
2008-09-01 00:00:00+00:00,4.74,5.054
2008-10-01 00:00:00+00:00,4.927,5.253
2008-11-01 00:00:00+00:00,5.152,5.493
2008-12-01 00:00:00+00:00,5.707,6.078
2009-01-01 00:00:00+00:00,5.725,6.097
2009-02-01 00:00:00+00:00,5.745,6.118
2009-03-01 00:00:00+00:00,5.82,6.198
2009-04-01 00:00:00+00:00,5.95,6.337
2009-05-01 00:00:00+00:00,6.116,6.515
2009-06-01 00:00:00+00:00,6.324,6.74
2009-07-01 00:00:00+00:00,6.615,7.05
2009-08-01 00:00:00+00:00,6.911,7.367
2009-09-01 00:00:00+00:00,7.268,7.746
2009-10-01 00:00:00+00:00,7.633,8.134
2009-11-01 00:00:00+00:00,8.165,8.694
2009-12-01 00:00:00+00:00,9.889,10.514
2010-01-01 00:00:00+00:00,9.906,10.536
2010-02-01 00:00:00+00:00,9.958,10.591
2010-03-01 00:00:00+00:00,10.283,10.935
2010-04-01 00:00:00+00:00,10.782,11.462
2010-05-01 00:00:00+00:00,11.415,12.121
2010-06-01 00:00:00+00:00,14.448,15.289
2010-07-01 00:00:00+00:00,14.508,15.352
2010-08-01 00:00:00+00:00,14.638,15.489
2010-09-01 00:00:00+00:00,15.41,16.305
2010-10-01 00:00:00+00:00,15.503,16.403
2010-11-01 00:00:00+00:00,15.769,16.684
2010-12-01 00:00:00+00:00,17.105,18.095
2011-01-01 00:00:00+00:00,17.127,18.116
2011-02-01 00:00:00+00:00,17.159,18.15
2011-03-01 00:00:00+00:00,17.262,18.258
2011-04-01 00:00:00+00:00,17.432,18.436
2011-05-01 00:00:00+00:00,17.789,18.812
2011-06-01 00:00:00+00:00,18.508,19.573
2011-07-01 00:00:00+00:00,19.076,20.174
2011-08-01 00:00:00+00:00,19.633,20.784
2011-09-01 00:00:00+00:00,20.064,21.235
2011-10-01 00:00:00+00:00,20.5,21.694
2011-11-01 00:00:00+00:00,21.23,22.462
2011-12-01 00:00:00+00:00,24.65,26.07
2012-01-01 00:00:00+00:00,24.679,26.102
2012-02-01 00:00:00+00:00,24.737,26.162
2012-03-01 00:00:00+00:00,26.336,27.82
2012-04-01 00:00:00+00:00,26.429,27.915
2012-05-01 00:00:00+00:00,26.576,28.067
2012-06-01 00:00:00+00:00,28.696,30.312
2012-07-01 00:00:00+00:00,28.832,30.451
2012-08-01 00:00:00+00:00,29.075,30.71
2012-09-01 00:00:00+00:00,30.09,31.824
2012-10-01 00:00:00+00:00,30.55,32.306
2012-11-01 00:00:00+00:00,30.908,32.683
2012-12-01 00:00:00+00:00,31.138,32.926
2013-01-01 00:00:00+00:00,31.38,33.182
2013-02-01 00:00:00+00:00,31.554,33.368
2013-03-01 00:00:00+00:00,31.83,33.662
2013-04-01 00:00:00+00:00,32.194,34.049
2013-05-01 00:00:00+00:00,32.503,34.376
2013-06-01 00:00:00+00:00,32.796,34.689
2013-07-01 00:00:00+00:00,33.085,34.995
2013-08-01 00:00:00+00:00,33.343,35.272
2013-09-01 00:00:00+00:00,33.575,35.518
2013-10-01 00:00:00+00:00,33.782,35.742
2013-11-01 00:00:00+00:00,33.959,35.93
2013-12-01 00:00:00+00:00,34.077,36.057
2014-01-01 00:00:00+00:00,34.258,36.248
2014-02-01 00:00:00+00:00,34.348,36.345
2014-03-01 00:00:00+00:00,34.488,36.499
2014-04-01 00:00:00+00:00,34.663,36.688
2014-05-01 00:00:00+00:00,34.82,36.858
2014-06-01 00:00:00+00:00,34.985,37.033
2014-07-01 00:00:00+00:00,35.338,37.407
2014-08-01 00:00:00+00:00,35.443,37.524
2014-09-01 00:00:00+00:00,35.521,37.609
2014-10-01 00:00:00+00:00,35.592,37.684
2014-11-01 00:00:00+00:00,35.668,37.767
2014-12-01 00:00:00+00:00,35.72,37.822
2015-01-01 00:00:00+00:00,35.837,37.948
2015-02-01 00:00:00+00:00,35.903,38.02
2015-03-01 00:00:00+00:00,35.99,38.116
2015-04-01 00:00:00+00:00,36.076,38.208
2015-05-01 00:00:00+00:00,36.162,38.302
2015-06-01 00:00:00+00:00,36.243,38.388
2015-07-01 00:00:00+00:00,36.412,38.573
2015-08-01 00:00:00+00:00,36.699,38.889
2015-09-01 00:00:00+00:00,36.765,38.958
2015-10-01 00:00:00+00:00,36.824,39.02
2015-11-01 00:00:00+00:00,36.889,39.091
2015-12-01 00:00:00+00:00,37.024,39.238
2016-01-01 00:00:00+00:00,37.082,39.3
2016-02-01 00:00:00+00:00,37.126,39.347
2016-03-01 00:00:00+00:00,37.194,39.419
2016-04-01 00:00:00+00:00,37.275,39.506
2016-05-01 00:00:00+00:00,37.364,39.604
2016-06-01 00:00:00+00:00,37.458,39.705
2016-07-01 00:00:00+00:00,37.53,39.782
2016-08-01 00:00:00+00:00,37.63,39.891
2016-09-01 00:00:00+00:00,37.731,40.001
2016-10-01 00:00:00+00:00,37.831,40.111
2016-11-01 00:00:00+00:00,37.966,40.263
2016-12-01 00:00:00+00:00,38.391,40.737
2017-01-01 00:00:00+00:00,38.433,40.783
2017-02-01 00:00:00+00:00,38.566,40.93
2017-03-01 00:00:00+00:00,38.673,41.044
2017-04-01 00:00:00+00:00,38.81,41.187
2017-05-01 00:00:00+00:00,38.99,41.379
2017-06-01 00:00:00+00:00,39.181,41.591
2017-07-01 00:00:00+00:00,39.308,41.728
2017-08-01 00:00:00+00:00,39.446,41.876
2017-09-01 00:00:00+00:00,39.545,41.983
2017-10-01 00:00:00+00:00,39.687,42.141
2017-11-01 00:00:00+00:00,39.79,42.252
2017-12-01 00:00:00+00:00,39.926,42.406
2018-01-01 00:00:00+00:00,40.169,42.671
2018-02-01 00:00:00+00:00,40.346,42.866
2018-03-01 00:00:00+00:00,40.497,43.031
2018-04-01 00:00:00+00:00,40.7,43.254
2018-05-01 00:00:00+00:00,40.916,43.502
2018-06-01 00:00:00+00:00,41.238,43.859
2018-07-01 00:00:00+00:00,41.521,44.168
2018-08-01 00:00:00+00:00,41.809,44.489
2018-09-01 00:00:00+00:00,41.986,44.68
2018-10-01 00:00:00+00:00,42.16,44.872
2018-11-01 00:00:00+00:00,42.347,45.077
2018-12-01 00:00:00+00:00,42.641,45.41
2019-01-01 00:00:00+00:00,43.402,46.243
2019-02-01 00:00:00+00:00,43.705,46.575
2019-03-01 00:00:00+00:00,43.998,46.898
2019-04-01 00:00:00+00:00,44.24,47.16
2019-05-01 00:00:00+00:00,44.483,47.424
2019-06-01 00:00:00+00:00,44.717,47.678
2019-07-01 00:00:00+00:00,44.972,47.955
2019-08-01 00:00:00+00:00,45.275,48.292
2019-09-01 00:00:00+00:00,45.54,48.58
2019-10-01 00:00:00+00:00,45.882,48.963
2019-11-01 00:00:00+00:00,46.073,49.17
2019-12-01 00:00:00+00:00,46.296,49.42
2020-01-01 00:00:00+00:00,46.762,49.935
2020-02-01 00:00:00+00:00,47.035,50.234
2020-03-01 00:00:00+00:00,47.363,50.595
2020-04-01 00:00:00+00:00,47.715,50.977
2020-05-01 00:00:00+00:00,48.145,51.451
2020-06-01 00:00:00+00:00,48.558,51.908
2020-07-01 00:00:00+00:00,48.946,52.328
2020-08-01 00:00:00+00:00,49.31,52.726
2020-09-01 00:00:00+00:00,49.664,53.11
2020-10-01 00:00:00+00:00,50.044,53.527
2020-11-01 00:00:00+00:00,50.503,54.038
2020-12-01 00:00:00+00:00,50.974,54.562
2021-01-01 00:00:00+00:00,51.332,54.957
2021-02-01 00:00:00+00:00,51.679,55.345
2021-03-01 00:00:00+00:00,52.288,56.023
2021-04-01 00:00:00+00:00,52.832,56.627
2021-05-01 00:00:00+00:00,53.198,57.025
2021-06-01 00:00:00+00:00,53.61,57.478
2021-07-01 00:00:00+00:00,54.084,57.999
2021-08-01 00:00:00+00:00,54.456,58.408
2021-09-01 00:00:00+00:00,54.882,58.88
2021-10-01 00:00:00+00:00,55.273,59.304
2021-11-01 00:00:00+00:00,55.606,59.669
2021-12-01 00:00:00+00:00,56.12,60.267
2022-01-01 00:00:00+00:00,56.578,60.775
2022-02-01 00:00:00+00:00,57.228,61.477
2022-03-01 00:00:00+00:00,57.979,62.333
2022-04-01 00:00:00+00:00,58.419,62.816
2022-05-01 00:00:00+00:00,59.009,63.471
2022-06-01 00:00:00+00:00,59.526,64.043
2022-07-01 00:00:00+00:00,59.984,64.543
2022-08-01 00:00:00+00:00,60.619,65.237
2022-09-01 00:00:00+00:00,61.387,66.093
2022-10-01 00:00:00+00:00,61.956,66.717
2022-11-01 00:00:00+00:00,62.542,67.378
2022-12-01 00:00:00+00:00,62.958,67.845
2023-01-01 00:00:00+00:00,63.891,68.866
2023-02-01 00:00:00+00:00,64.739,69.794
2023-03-01 00:00:00+00:00,65.881,71.057
2023-04-01 00:00:00+00:00,66.962,72.248
2023-05-01 00:00:00+00:00,68.196,73.604
2023-06-01 00:00:00+00:00,69.47,74.996
2023-07-01 00:00:00+00:00,70.838,76.506
2023-08-01 00:00:00+00:00,72.107,77.904
2023-09-01 00:00:00+00:00,73.232,79.138
2023-10-01 00:00:00+00:00,74.613,80.682
2023-11-01 00:00:00+00:00,75.923,82.135
2023-12-01 00:00:00+00:00,76.946,83.302
2024-01-01 00:00:00+00:00,78.419,84.935
2024-02-01 00:00:00+00:00,79.489,86.193
2024-03-01 00:00:00+00:00,80.726,87.62
2024-04-01 00:00:00+00:00,81.956,88.993
2024-05-01 00:00:00+00:00,83.056,90.227
2024-06-01 00:00:00+00:00,84.41,91.759
2024-07-01 00:00:00+00:00,85.935,93.439
2024-08-01 00:00:00+00:00,86.911,94.515
2024-09-01 00:00:00+00:00,88.076,95.814
2024-10-01 00:00:00+00:00,89.579,97.531
2024-11-01 00:00:00+00:00,90.685,98.768
2024-12-01 00:00:00+00:00,92.491,100.787
2025-01-01 00:00:00+00:00,93.918,102.371
2025-02-01 00:00:00+00:00,95.547,104.217
2025-03-01 00:00:00+00:00,96.335,105.111
2025-04-01 00:00:00+00:00,97.295,106.193
2025-05-01 00:00:00+00:00,98.41,107.473
2025-06-01 00:00:00+00:00,99.417,108.595
2025-07-01 00:00:00+00:00,100.829,110.193
2025-08-01 00:00:00+00:00,102.615,112.248
2025-09-01 00:00:00+00:00,103.529,113.282
2025-10-01 00:00:00+00:00,104.735,114.624
2025-11-01 00:00:00+00:00,106.484,116.567
2025-12-01 00:00:00+00:00,107.788,118.048
2026-01-01 00:00:00+00:00,108.931,119.335
2026-02-01 00:00:00+00:00,109.742,120.246
2026-03-01 00:00:00+00:00,111.147,121.835
2026-04-01 00:00:00+00:00,112.287,123.14
2026-05-01 00:00:00+00:00,113.459,124.634
2026-06-01 00:00:00+00:00,114.675,125.996
2026-07-01 00:00:00+00:00,116.014,127.528
2026-08-01 00:00:00+00:00,116.274,127.828
